Flowcell Summary: AHCLTKDSXY 30x8x8x151 L4-Hesselberth-Tamburini JH177_7_7_2020 and JH178_7_7_2020 10X,,,,,,,,,,,
/beevol/illumina/runs/200710_A00405_0247_AHCLTKDSXY/Data/Intensities/BaseCalls/Unaligned_L4_duali,,,,,,,,,,,
,,,,,,,,,,,
Lane Summary,,,,,,,,,,,
,,,,,,,,,,,
Lane,Project,Sample,Barcode sequence,PF Clusters,% of the,% Perfect,% One mismatch,Yield (Mbases),% PF,% >= Q30,Mean Quality
,,,,,lane,barcode,barcode,,Clusters,bases,Score
4,Hesselberth_JH177_7_7_2020,GEX_CD45neg_d14,TGTCCTAG+AGGAAACG,"81,067,511",3.1,94.15,5.85,"14,673",100,85.89,34.4
4,Hesselberth_JH177_7_7_2020,GEX_CD45pos_d14,TCGGTACT+CGGTATCA,"59,993,610",2.3,79.16,20.84,"10,859",100,86.1,34.45
4,Hesselberth_JH177_7_7_2020,GEX_CD45pos_d2,AACGGACT+AGGAAACG,"189,256,300",7.24,95.59,4.41,"34,255",100,85.91,34.4
4,Hesselberth_JH178_7_7_2020,ADT_CD45neg_d14,CAGTCTTG+TGAACTCG,"15,421,835",0.59,23.74,76.26,"2,791",100,77.96,32.38
4,Hesselberth_JH178_7_7_2020,ADT_CD45neg_d2,GCGAGATT+TGAACTCG,"23,524,381",0.9,23.39,76.61,"4,258",100,72.51,31.15
4,Hesselberth_JH178_7_7_2020,ADT_CD45pos_d14,AAGGTGGA+ACCTATGC,"29,165,307",1.12,94.84,5.16,"5,279",100,70.56,30.76
4,Hesselberth_JH178_7_7_2020,ADT_CD45pos_d2,TATCGGTC+ACCTATGC,"19,462,005",0.74,95.6,4.4,"3,523",100,69.99,30.58